{"cameraMode":{"drawMode":0,"name":"Shaded","section":"Shading Mode"},"sceneLighting":true,"audioPlay":false,"sceneViewState":{"m_AlwaysRefresh":false,"showFog":true,"showSkybox":true,"showFlares":true,"showImageEffects":true,"showParticleSystems":true,"showVisualEffectGraphs":true,"m_FxEnabled":true},"in2DMode":false,"pivot":{"x":577.1168823242188,"y":204.40615844726563,"z":32.845672607421878},"rotation":{"x":-0.04978174716234207,"y":-0.017379604279994966,"z":0.0008651107200421393,"w":-0.9986127614974976},"size":243.94459533691407,"orthographic":false}