{"cameraMode":{"drawMode":0,"name":"Shaded","section":"Shading Mode"},"sceneLighting":false,"audioPlay":false,"sceneViewState":{"m_AlwaysRefresh":false,"showFog":true,"showSkybox":false,"showFlares":true,"showImageEffects":true,"showParticleSystems":true,"showVisualEffectGraphs":true,"m_FxEnabled":true},"in2DMode":false,"pivot":{"x":-15.356663703918457,"y":1.559999942779541,"z":5.534420967102051},"rotation":{"x":-0.05160430073738098,"y":0.9301416873931885,"z":-0.14372704923152924,"w":-0.3339511752128601},"size":0.023036587983369829,"orthographic":false}